Character;Sentence
HARRY ;I can’t let you out, Hedwig.
HARRY ;I’m not allowed to use magic outside of school.
HARRY ;Besides, if Uncle Vernon…
VERNON;Harry Potter!
HARRY;Now you’ve done it.
PETUNIA;He’s in there. Vernon...
UNCLE VERNON;I’m warning you, if you can’t control that bloody bird it’ll have to go.
HARRY;But she’s bored!
HARRY;If I could only let out for an hour or two
VERNON;Huh, huh! So you could send secret messages to you freaky little friends. No, sir!
HARRY;But I haven’t had any messages from any of my friends... not one… all summer.
DUDLEY;Who’d want to be friends with you?
UNCLE VERNON;I should think you’d be a little more grateful.
UNCLE VERNON;We’ve raised you since you were a baby, given you the food off our table, even let you have Dudley’s second bedroom, purely out of the goodness of our hearts.
AUNT PETUNIA;Not now, Pupkins. For when the Masons arrive.
UNCLE VERNON;Which should be any minute!
UNCLE VERNON;Ahem...Now let’s go over our schedule once again, shall we?
UNCLE VERNON;Petunia when the Masons arrive you will be...?
AUNT PETUNIA;in the lounge, waiting to welcome them graciously into our home.
UNCLE VERNON;Good! And- and Dudley, you will be...?
DUDLEY;I’ll be waiting to open the door!
UNCLE VERNON;Excellent! ...And you...?
HARRY;I’ll be in my bedroom, making no noise and pretending that I don’t exist.
UNCLE VERNON;Too right, you will.
UNCLE VERNON;With any luck, this could well be the day I make the biggest deal of my career.
UNCLE VERNON;And you will not mess it up!
UNCLE VERNON;Mr. and Mrs. Mason! Do come in!
DOBBY;Ha- ha- ha! Ha, ha! Ho, ho, ho! Ha, ha!
DOBBY;Harry Potter! Such an honor it is!
HARRY;Who are you?
DOBBY;Dobby sir, Dobby the house elf.
HARRY;Not to be to be rude or anything, but this isn’t a great time for me to have a house elf in my bedroom.
DOBBY;Oh, oh yes, sir! Dobby understands!
DOBBY;It’s just that, Dobby has come to tell you- it is difficult, sir
DOBBY; Dobby wonders where to begin?
HARRY;Why don’t you sit down?
DOBBY;S-sit down? S-sit- sit down?
DOBBY;Oh, oh, ho. Oh, ho, ho... Oh, ho, ho.
HARRY;Dobby, ssh! I’m sorry!
HARRY;I didn’t mean to offend you, or anything.
DOBBY;Offend Dobby?
DOBBY;Dobby has heard of your greatness, sir, but never has he been asked to sit down by a wizard, like an equal.
HARRY;You can’t have met many decent wizards then.
DOBBY;No, I haven’t.
DOBBY;That was an awful thing to say.
DOBBY;Bad Dobby!
HARRY;Stop, Dobby!
DOBBY;Bad Dobby!
HARRY;Dobby, shh!
DOBBY;Baaad Dobby!
HARRY;Dobby, please stop!
UNCLE VERNON;Ohh, don’t mind that!
UNCLE VERNON;It’s just the cat.
DOBBY;Bad Dobby.
DOBBY;Bad Dobby!
HARRY;Stop! Stop, Dobby.
HARRY;Please be quiet!
HARRY;Are you all right?
DOBBY;Dobby had to punish himself, sir.
DOBBY;Dobby almost spoke ill of his family, sir.
HARRY;Your family?
DOBBY;The wizard family Dobby serves, sir.
DOBBY;Dobby is bound to serve one family forever.
DOBBY;If they ever knew Dobby was here...ooh...
DOBBY;But Dobby had to come.
DOBBY;Dobby has to protect Harry Potter- to warn him.
DOBBY;Harry Potter must not go back to Hogwarts School of Witchcraft and Wizardry this year!
DOBBY;There is a plot, a plot to make most terrible things happen.
HARRY;What terrible things?
HARRY;Who’s plotting them?
DOBBY;Ooo... er... can’t... say... argh...
HARRY;Ok– I- understand. You can’t- say.
DOBBY;Don’t make me talk, I— Errr...
HARRY;Dobby! Dobby, put the lamp down.
DOBBY;Bad Dobby.
HARRY ;Give me the lamp! Dobby stop!
DOBBY ;Let me go!
HARRY ;Get in there, and keep quiet!
UNCLE VERNON ;What the devil are you doing up here?
HARRY ;I- I was just—
UNCLE VERNON ;You just ruined the punch line of my Japanese golfer joke!
HARRY ;Sorry.
UNCLE VERNON ;One more sound, and you’ll wish you’d never been born, boy!
UNCLE VERNON ;And fix that door!
HARRY ;Yes, sir... See why I’ve got to go back?
HARRY ;I don’t belong here.
HARRY ;I belong in your world, at Hogwarts.
HARRY ;It’s the only place I’ve got friends!
DOBBY ;Friends who don’t even write to Harry Potter?
HARRY ;Well, I expect they’ve... been- hang on-
HARRY ;how do you know my friends haven’t been writing to me?
DOBBY ;Harry Potter mustn’t be angry with Dobby.
DOBBY ;Heh- Dobby hoped, if Harry Potter thought his friends had forgotten him, Harry Potter might not want to go back to school, sir.
HARRY ;Give me those, now!
DOBBY ;No! Ahh! Ooh...
HARRY ;Dobby, get back here!
HARRY ;Dobby, please, no!
DOBBY ;Harry Potter must say he’s not going back to school!
HARRY ;I can’t. Hogwarts is my home!
DOBBY ;Then, Dobby must do it, sir, for Harry Potter’s own good.
UNCLE VERNON ;...it spread as far as the eye could see, all over the floor of this vast building, and it was this deep.
UNCLE VERNON ;And one plumber said “Look at all that water.”
UNCLE VERNON ;A-and the second plumber said, “Yes, and that’s just the top of it!”
UNCLE VERNON ;I’m so sorry! It’s my nephew- he’s very disturbed.
UNCLE VERNON ;Meeting strangers upsets him.
UNCLE VERNON ;That’s why I kept him upstairs!
UNCLE VERNON ;You’re never going back to that school.
UNCLE VERNON ;You’re never going to see those freaky friends of yours again. Never!
RON;Hi, Harry!
HARRY;Ron! Fred. George.
HARRY;What are you all doing here?
RON;Rescuing you, of course.
RON;Now, come on. Get your trunk!...
RON;You’d better stand back. Let’s go!
AUNT PETUNIA;Oh!
UNCLE VERNON;Now, what the hell’s he doing? Potter!
DUDLEY;Dad! What’s going on?
GEORGE;Go, go, go, go!
DUDLEY;Dad, hurry up!
RON;Come on.
FRED;Come on.
RON;Come on, Harry! Hurry up!
UNCLE VERNON;Petunia, he’s escaping!
HARRY;Ahh- ahh!
RON;I’ve got you Harry!
UNCLE VERNON;Come here!
HARRY;Let go of me!
UNCLE VERNON;Oh no, boy! You and that bloody pigeon aren’t going anywhere!
HARRY;Get off!
RON;Drive!
FRED;Right.
GEORGE ;Right!
UNCLE VERNON ;No! No! No! No! Aaaah!
AUNT PETUNIA & DUDLEY  ;Aaah!
DUDLEY ;Dad!
UNCLE VERNON ;Oh... Damn.
RON ;By the way, Harry, Happy Birthday!
FRED ;Come on. Okay, come on. Shh!
FRED ;Shh! Ok, come on. Shh! Come on.
RON ;Do you think it’d be all right if we had some of this?
GEORGE ;Yeah, Mum would never know.
RON ;It’s not much, but it’s home.
HARRY ;I think it’s brilliant
MRS. WEASLEY ;Where have you been?
MRS. WEASLEY ;Harry, how wonderful to see you dear.
MRS. WEASLEY ;Beds empty! No note! Car gone!
MRS. WEASLEY ;You could have died! You could have been seen!
MRS. WEASLEY ;Of course, I don’t blame you, Harry dear.
RON ;They were starving him, Mum. 
RON ;There were bars on his window!
MRS. WEASLEY ;Well, you’d best hope that I don’t put bars on your window, Ronald Weasley!
MRS. WEASLEY ;Come on Harry, time for a spot of breakfast.
MRS. WEASLEY ;Here we are Harry.
MRS. WEASLEY ;Now tuck in! That’s it. There we go.
GINNY ;Mum- Mummy, have you seen my jumper?
MRS. WEASLEY ;Yes dear. It was on the cat.
HARRY ;Hello. W-what did I do?
RON ;Ginny. She’s been talking about you all summer.
RON ; A bit annoying really.
MR. WEASLEY;Morning, Weasleys.
FRED, GEORGE, RON  ;Morning, Dad.
MRS. WEASLEY ;Morning Arthur!
MR. WEASLEY;What a night. Nine raids. Nine!
HARRY ;Raids?
RON ;Dad works in the Ministry of Magic, in the Misuse of Muggle Artifacts Office.
RON ;Dad loves Muggles, thinks they’re fascinating.
MR. WEASLEY;Well now. Aah! And who are you?
HARRY ;Oh, sorry sir. I’m Harry, sir, Harry Potter.
MR. WEASLEY;Good Lord! Are you really?
MR. WEASLEY;Well, Ron’s told us all about you, of course.
MR. WEASLEY;When did he get here?
MRS. WEASLEY ;This morning. Your sons flew that enchanted car of yours to Surrey and back last night.
MR. WEASLEY;Did you really? How’d it go? Did you—
FRED, GEORGE, RON, HARRY  ;Oh, it...
MRS. WEASLEY ;Arthur!
MR. WEASLEY;I mean...that was very wrong, indeed, boys.
MR. WEASLEY;Very wrong of you
MR. WEASLEY;Now, Harry, you must know all about Muggles.
MR. WEASLEY;Tell me, what exactly is the function of a rubber duck?
HARRY ;Oh, umm...
MRS. WEASLEY ;Well, that’ll be Errol with the post.
MRS. WEASLEY ;Oh, fetch it will you Percy, please?
PERCY ;Errol...
RON ;He’s always doing that.
PERCY ;Oh look, it’s our Hogwarts letters.
PERCY ;And they’ve sent us Harry’s as well.
MR. WEASLEY;Dumbledore must know you’re here, Harry.
MR. WEASLEY;Doesn’t miss a trick, that man.
MRS. WEASLEY ;Oh, no.
FRED ;This lot won’t come cheap, Mum.
FRED ;The spell books alone are very expensive.
MRS. WEASLEY ;We’ll manage.
MRS. WEASLEY ;There’s only one place we’re going to get all of this. 
MRS. WEASLEY ;Diagon Alley.
MRS. WEASLEY ;Right.
MRS. WEASLEY ;Here we are, Harry.
MRS. WEASLEY ;You go first, dear.
RON;But Harry's never traveled by Floo powder before, Mum.
HARRY;Floo powder?
MRS. WEASLEY ;You go first, Ron, so that Harry can see how it's done. Yes.
MRS. WEASLEY ;In you go.
MRS. WEASLEY ;That's it.
RON;Diagon Alley.
MRS. WEASLEY ;You see? It's quite easy, dear.
MRS. WEASLEY ;Don't be afraid. Come on.
MRS. WEASLEY ;Come on.
MRS. WEASLEY ;In you go. That's it.
MRS. WEASLEY ;Mind your head.
MRS. WEASLEY ;That's right.
MRS. WEASLEY ;Now, take your Floo powder.
MRS. WEASLEY ;That's it, very good.
MRS. WEASLEY ;Now, don't forget to speak very, very clearly.
HARRY;Diagonally.
MRS. WEASLEY ;What did he say, dear?
MR. WEASLEY;Diagonally.
MRS. WEASLEY ;I thought he did.
MR. BORGIN;Mr. Malfoy! What a pleasure to see you again.
MR. BORGIN;If I may, just in today --
LUCIUS MALFOY;I'm not buying today, Mr. Borgin.
LUCIUS MALFOY;But selling.
MR. BORGIN; Selling?
LUCIUS MALFOY;You have heard, of course, that the Ministry of Magic is conducting more raids.
LUCIUS MALFOY;There are even rumors of a new Muggle Protection Act...
LUCIUS MALFOY;I have a few... ah... items at home that might prove embarrassing if the Ministry were to call.
LUCIUS MALFOY;Certain poisons and the like...
MR. BORGIN;Hmmm... yes. I see...
DRACO;Can I have this?
MR. BORGIN;Ah, the Hand of Glory.
MR. BORGIN;Insert a candle and it gives light only to the holder.
MR. BORGIN;Best friend of thieves and plunderers.
MR. BORGIN;Your son has fine taste, sir.
LUCIUS MALFOY; Hopefully my son will amount to more than a thief, Mr. Borgin.
LUCIUS MALFOY;Though if his marks don't pick up --
DRACO; It's not my fault the teachers have favorites.
DRACO;That Hermione Granger --
LUCIUS MALFOY;I would have thought you'd be ashamed that a girl of no wizarding family beat you in every exam.
MR. BORGIN;It's the same all over.
MR. BORGIN;Wizard blood is counting for less everywhere.
LUCIUS MALFOY;Not with me.
LUCIUS MALFOY ;Very good.
LUCIUS MALFOY ;I'll expect you at the manor tomorrow.
LUCIUS MALFOY ;Come, Draco.
WITCH;Not lost, are you, my dear?
HARRY;I'm fine, thank you. I was just going...
WITCH;Come with us.
WITCH;We'll help you find your way back.
HARRY; No. Please...
HAGRID; Harry?
HARRY;Hagrid!
HAGRID;What do you think you're doing down here? Come on.
HAGRID;You're a mess, Harry.
HAGRID;Skulking around Knockturn Alley?
HAGRID;Dodgy place.
HAGRID;Don't want no one to see you there.
HAGRID;People will think you're up to no good.
HARRY;I was lost, I...
HARRY;Hang on.
HARRY;What were you doing down there then?
HAGRID;Me? I was...
HAGRID;I was looking for Flesh-Eating Slug Repellent.
HAGRID;They're ruining all the school cabbages.
HERMIONE;Harry. Hagrid.
HAGRID;Hello, Hermione.
HERMIONE;It's so good to see you.
HARRY;It's great to see you too.
HERMIONE;What did you do to your glasses?
HERMIONE;Oculus Reparo.
HARRY;I definitely need to remember that one.
HAGRID;You'll be all right now then, Harry?
HAGRID;Right. I'll leave you to it.
HERMIONE;Okay, bye.
HARRY;Thank you. Bye.
HERMIONE;Come on, everyone's been so worried.
MRS. WEASLEY ;Harry.
MRS. WEASLEY ;Thank goodness.
MRS. WEASLEY ;We'd hoped you'd only gone one grate too far.
MAN;Ladies and gentlemen, Mr. Gilderoy Lockhart.
MRS. WEASLEY ;Ohh, Here he is.
RON;Mum fancies him.
PHOTOGRAPHER;Make way there, please.
PHOTOGRAPHER;Let me by, madam. Thank you.
PHOTOGRAPHER;Excuse me, little girl.
PHOTOGRAPHER;This is for the Daily Prophet.
LOCKHART;It can't be. Harry Potter?
PHOTOGRAPHER;Harry Potter!
PHOTOGRAPHER;Excuse me, madam.
LOCKHART;Nice big smile, Harry.
LOCKHART;Together, you and I rate the front page.
LOCKHART;Ladies and gentlemen, what an extraordinary moment this is.
LOCKHART;When young Harry stepped into Flourish and Blotts this morning to purchase my autobiography, Magical Me…
LOCKHART;which, incidentally, is currently celebrating its 27th week atop the Daily Prophet bestseller list
LOCKHART;he had no idea that he would, in fact, be leaving with my entire collected works free of charge.
LOCKHART;Now, ladies?
MRS. WEASLEY ;Harry, now you give me those, and I'll get them signed.
MRS. WEASLEY ;All of you wait outside.
MRS. WEASLEY ;That's it Ron.
DRACO;I'll bet you loved that, didn't you, Potter?
DRACO;Famous Harry Potter.
DRACO;Can't go into a bookshop without making the front page.
GINNY ;Leave him alone.
DRACO;Look, Potter.
DRACO;You've got yourself a girlfriend.
LUCIUS MALFOY;Now, now, Draco, play nicely.
LUCIUS MALFOY;Mr. Potter.
LUCIUS MALFOY;Lucius Malfoy. We meet at last.
LUCIUS MALFOY;Forgive me.
LUCIUS MALFOY;Your scar is legend.
LUCIUS MALFOY;As, of course, is the wizard who gave it to you.
HARRY;Voldemort killed my parents.
HARRY;He was nothing more than a murderer.
LUCIUS MALFOY;You must be very brave to mention his name.
LUCIUS MALFOY;Or very foolish.
HERMIONE;Fear of a name only increases fear of the thing itself.
LUCIUS MALFOY;And you must be Miss Granger.
LUCIUS MALFOY;Yes, Draco has told me all about you.
LUCIUS MALFOY;And your parents.
LUCIUS MALFOY;Muggles, aren't they?
LUCIUS MALFOY;Let me see.
LUCIUS MALFOY;Red hair, vacant expressions tatty, secondhand book.
LUCIUS MALFOY;You must be the Weasleys.
MR. WEASLEY;Children, It's mad in here.
MR. WEASLEY;Let's go outside.
LUCIUS MALFOY;Well, well, well. Weasley senior.
MR. WEASLEY;Lucius.
LUCIUS MALFOY;Busy time at the Ministry, Arthur, all those extra raids?
LUCIUS MALFOY;I do hope they're paying you overtime but judging by the state of this, I'd say not.
LUCIUS MALFOY;What's the use in being a disgrace to the name of wizard if they don't even pay you well for it?
MR. WEASLEY;We have a very different idea about what disgraces the name of wizard, Malfoy.
LUCIUS MALFOY;Clearly.
LUCIUS MALFOY;Associating with Muggles.
LUCIUS MALFOY;And I thought your family could sink no lower.
LUCIUS MALFOY;I'll see you at work.
DRACO;See you at school.
MR. WEASLEY;10:58, come on.
MRS. WEASLEY;The train will be leaving any moment.
MRS. WEASLEY;Oh dear! The train'll be leaving any moment!
MR. WEASLEY;Fred, George, Percy, you first.
MRS. WEASLEY;Okay.
MR. WEASLEY;After you, dear.
MRS. WEASLEY;Come on, Ginny, we'll get you a seat. Hurry.
HARRY;Let's go.
TRAINMASTER;What do you two think you're doing?
HARRY;Sorry.
HARRY;Lost control of the trolley.
HARRY;Why can't we get through?
RON;I don't know.
RON;The gateway has sealed itself for some reason.
HARRY;The train leaves at exactly 11:00.
HARRY;We've missed it.
RON;Harry, if we can't get through maybe Mum and Dad can't get back.
HARRY;Maybe we should just go and wait by the car.
RON;The car.
HARRY;Ron, I should tell you most Muggles aren't accustomed to seeing a flying car.
RON;Aaa, Right.
RON;Oh, no! The Invisibility Booster must be faulty.
HARRY;Come on, then. Let's go lower.
HARRY;We need to find the train.
RON;Okay.
HARRY;All we need to do is catch up with the train.
RON;We can't be far behind.
HARRY;Do you hear that?
RON;We must be getting close.
HARRY;Hold on.
HARRY AND RON;Aaaaaaahhhh!
RON;Haaaarryyy!
RON;Hold oonnn!!!
RON;Take my hand!
RON;Hold on!
HARRY;I'm trying. Your hand's all sweaty.
HARRY;I think we found the train.
RON;Yeah.
RON;Welcome home.
HARRY;Up! Up!
RON;It's not working!
HARRY;Up! Ron, mind that tree!
HARRY AND RON;Aaahhh! Aaah!
RON;Stop! Stop! Stop!
RON;My wand. Look at my wand.
HARRY;Be thankful it's not your neck.
RON;What's happening?
HARRY;I don't know.
HARRY;Come on, go! Fast!
RON;Scabbers, you're okay.
RON;The caaaar!
RON;Dad's gonna kill me.
HARRY;See you, Hedwig.
HARRY;So a house-elf shows up in my bedroom we can't get through the barrier to platform 93/4...
HARRY;we almost get killed by a tree...
HARRY;Clearly someone doesn't want me here this year.
FILCH;Well, take a good look, lads.
FILCH;This night might well be the last you spend in this castle.
FILCH;Oh, dear, we are in trouble.
SNAPE;You were seen by no less than seven Muggles.
SNAPE;Do you have any idea how serious this is?
SNAPE;You have risked the exposure of our world.
SNAPE;Not to mention the damage you inflicted on a Whomping Willow.
SNAPE;that's been on these grounds since before you were born.
RON;Honestly, Professor Snape, I think it did more damage to us.
SNAPE;Silence.
SNAPE;I assure you that were you in Slytherin, and your fate rested with me...
SNAPE;the both of you would be on the train home tonight.
SNAPE;As it is...
DUMBLEDORE;They are not.
HARRY;Professor Dumbledore.
HARRY;Professor McGonagall.
SNAPE;Headmaster these boys have flouted the Decree for the Restriction of Underage Wizardry.
FILCH;As such...
DUMBLEDORE;I am well aware of our bylaws having written quite a few of them myself.
DUMBLEDORE;However, as head of Gryffindor house it is for Professor McGonagall to determine the appropriate action.
RON;We'll go and get our stuff, then.
MCGONAGALL;What are you talking about, Mr. Weasley?
RON;You're going to expel us, aren't you?
MCGONAGALL;Not today, Mr. Weasley but I must impress on both of you the seriousness of what you have done.
MCGONAGALL;I will be writing to your families tonight, and you will both receive detention.
PROFESSOR SPROUT;Morning, everyone.
CLASS;Good morning, everyone.
PROFESSOR SPROUT;Good morning, Professor Sprout.
PROFESSOR SPROUT;Welcome to Greenhouse Three, Second Years.
PROFESSOR SPROUT;Today, we will be re-potting Mandrakes.
PROFESSOR SPROUT;Now, who here can tell me the properties of the Mandrake?
PROFESSOR SPROUT;Yes, Miss Granger.
HERMIONE;Mandrake, or Mandragora is used to return those who have been Petrified to their original state.
HERMIONE;It's also quite dangerous.
HERMIONE;The Mandrake's cry is fatal to anyone who hears it.
PROFESSOR SPROUT;Excellent. Ten points to Gryffindor.
PROFESSOR SPROUT;As our Mandrakes are still only seedlings their cries won't kill you yet.
PROFESSOR SPROUT;But they could knock you out for hours, which is why I have given you earmuffs for auditory protection.
PROFESSOR SPROUT;So could you please put them on, right away? Quickly.
PROFESSOR SPROUT;Flaps tight down, and watch me closely.
PROFESSOR SPROUT;You grasp your Mandrake firmly.
PROFESSOR SPROUT;You pull it sharply up out of the pot.
PROFESSOR SPROUT;Got it? And now you dunk it down into the other pot
PROFESSOR SPROUT;and pour a little sprinkling of soil to keep him warm.
PROFESSOR SPROUT;Longbottom's been neglecting his earmuffs.
SEAMUS;No, ma'am, he's just fainted.
PROFESSOR SPROUT;Yes, well, just leave him there.
PROFESSOR SPROUT;Right, on we go.
PROFESSOR SPROUT;Plenty of pots to go around.
PROFESSOR SPROUT;Grasp your Mandrake and pull it up.
PENELOPE CLEARWATER;There's Nearly Headless Nick.
PERCY ;Hello, Sir Nicolas.
SIR NICHOLAS;Hello, Percy, Miss Clearwater.
RON;Say it. I'm doomed.
HARRY;You're doomed.
COLIN;Hi, Harry.
COLIN;I'm Colin Creevey. I'm in Gryffindor too.
HARRY;Hi, Colin. Nice to meet you.
DEAN;Ron, is that your owl?
RON;Bloody bird's a menace.
SEAMUS ;Heads up, everyone.
SEAMUS ;Weasley's gotten himself a Howler.
NEVILLE;Go on, Ron.
NEVILLE;I ignored one from my gran once.
NEVILLE;It was horrible.
MRS. WEASLEY;RONALD WEASLEY!
MRS. WEASLEY;HOW DARE YOU STEAL THAT CAR!
MRS. WEASLEY;I AM ABSOLUTELY DISGUSTED!
MRS. WEASLEY;YOUR FATHER'S NOW FACING AN INQUIRY AT WORK AND IT'S ENTIRELY YOUR FAULT!
MRS. WEASLEY;IF YOU PUT ANOTHER TOE OUT OF LINE WE'LL BRING YOU STRAIGHT HOME!
MRS. WEASLEY;And, Ginny, dear, congratulations on making Gryffindor.
MRS. WEASLEY;Your father and I are so proud.
GILDEROY LOCKHART;Let me introduce you to your new Defense Against the Dark Arts Teacher.
GILDEROY LOCKHART;Me. Gilderoy Lockhart, Order of Merlin, Third Class, Honorary Member of the Dark Force Defense League and five times winner of Witch Weekly's Most-Charming-Smile Award
GILDEROY LOCKHART;But I don't talk about that.
GILDEROY LOCKHART;I didn't get rid of the Bandon Banshee by smiling at her!
GILDEROY LOCKHART;Now, be warned.
GILDEROY LOCKHART;It is my job to arm you against the foulest creatures known to wizardkind.
GILDEROY LOCKHART;You may find yourselves facing your worst fears in this room.
GILDEROY LOCKHART;Know only that no harm can befall you whilst I am here.
GILDEROY LOCKHART;I must ask you not to scream.
GILDEROY LOCKHART;It might provoke them.
SEAMUS;Cornish pixies?
GILDEROY LOCKHART;Freshly caught Cornish pixies.
GILDEROY LOCKHART;Laugh if you will, Mr. Finnegan but pixies can be devilishly tricky little blighters.
GILDEROY LOCKHART;Let's see what you make of them.
GILDEROY LOCKHART;Come on now, round them up, round them up!
GILDEROY LOCKHART;They're only pixies.
CORNISH PIXIES;You just stay there!
NEVILLE;Please, get me down!
HERMIONE;Get off me!
HARRY;Stop. Hold still!
GILDEROY LOCKHART;Peskipiksi Pesternomi!
GILDEROY LOCKHART;I'll ask you three to just nip the rest of them back into their cage.
RON;What do we do now?
HERMIONE;Immobulus!
NEVILLE;Why is it always me?
WOOD;I spent the summer devising a whole new Quidditch program.
WOOD;We're gonna train earlier, harder and longer.
WOOD;What...? I don't believe it.
WOOD;Where you think you're going, Flint?
FLINT;Quidditch practice.
WOOD;I booked the pitch for Gryffindor today.
FLINT;Easy, Wood. I've got a note.
RON;I smell trouble.
WOOD;I, Professor Severus Snape, do hereby give the Slytherin team permission to practice today, owing to the need to train their new Seeker.
WOOD;You've got a new Seeker. Who?
HARRY;Malfoy?
DRACO;That's right.
DRACO;And that's not all that's new this year.
RON;Those are Nimbus 2001 s.
RON;How did you get those?
FLINT;A gift from Draco's father.
DRACO;You see, Weasley, unlike some, my father can afford the best.
HERMIONE;At least no one on the Gryffindor team had to buy their way in.
HERMIONE;They got in on pure talent.
DRACO;No one asked your opinion, you filthy little Mudblood.
RON;You'll pay for that one, Malfoy.
RON;Eat slugs!
HERMIONE;You okay, Ron?
HERMIONE;Say something.
COLIN;Wow! Can you turn him around, Harry?
HARRY;No, Colin, get out of the way.
HARRY;Let's take him to Hagrid's.
HARRY;He'll know what to do.
HAGRID;This calls for a specialist's equipment.
HAGRID;Nothing to do but wait till it stops, I'm afraid.
HAGRID;Okay.
HAGRID;Better out than in.
HAGRID;Who was Ron trying to curse, anyway?
HARRY;Malfoy. He called Hermione...
HARRY;Well, I don't know exactly what it means.
HERMIONE;He called me a Mudblood.
HAGRID;He did not.
HARRY;What's a Mudblood?
HERMIONE;"It means ""dirty blood."
HERMIONE;Mudblood's a foul name for someone who's Muggle-born.
HERMIONE;Someone with non-magic parents.
HERMIONE;Someone like me.
HERMIONE;It's not a term one usually hears in civilized conversation.
HAGRID;See, the thing is, Harry, there are some wizards, like the Malfoy family...who think they're better than everyone else because they're pure-blood.
HARRY;That's horrible.
RON;It's disgusting.
HAGRID;And it's codswallop to boot.
HAGRID;Dirty blood.
HAGRID;Why, there isn't a wizard alive today that's not half-blood or less.
HAGRID;More to the point, they've yet to think of a spell that our Hermione can't do.
HAGRID;Come here.
HAGRID;Don't you think on it, Hermione.
HAGRID;Don't you think on it for one minute.
GILDEROY LOCKHART;Harry, Harry, Harry.
GILDEROY LOCKHART;Can you possibly imagine a better way to serve detention than by helping me to answer my fan mail?
HARRY;Not really.
GILDEROY LOCKHART;Fame is a fickle friend, Harry.
GILDEROY LOCKHART;Celebrity is as celebrity does.
GILDEROY LOCKHART;Remember that.
VOICE;Come.
VOICE;Come to me.
HARRY;What?
GILDEROY LOCKHART;Sorry?
HARRY;That voice.
GILDEROY LOCKHART;Voice?
HARRY;Didn't you hear it?
GILDEROY LOCKHART;What are you talking about, Harry?
GILDEROY LOCKHART;I think you're getting a bit drowsy.
GILDEROY LOCKHART;And great Scott, no wonder.
GILDEROY LOCKHART;Look at the time.
GILDEROY LOCKHART;We've been here nearly four hours.
GILDEROY LOCKHART;Spooky how the time flies when one is having fun.
HARRY;Spooky.
VOICE;Blood.
VOICE;I smell blood.
VOICE;Let me rip you.
VOICE;Let me kill you.
VOICE;Kill!
VOICE;Kill!
VOICE;Kill!
HERMIONE;Harry!
HARRY;Did you hear it?
RON;Hear what?
HARRY;That voice.
HERMIONE;Voice? What voice?
HARRY;I heard it first in Lockhart's office.
HARRY;And then again just...
VOICE;It's time.
HARRY;It's moving.
HARRY;I think it's going to kill.
RON;Kill?
HERMIONE;Harry, wait! Not so fast!
HARRY;Strange.
HARRY;I've never seen spiders act like that.
RON;I don't like spiders.
RON;What's that?
HERMIONE;"The Chamber of Secrets has been opened.
Enemies of the Heir, beware."
HERMIONE;Enemies of the Heir, beware.
HERMIONE;It's written in blood.
HARRY;Oh, no.
HARRY;It's Filch's cat.
HARRY;It's Mrs. Norris.
DRACO;Enemies of the Heir, beware.
DRACO;You'll be next, Mudbloods.
FILCH;What's going on here?
FILCH;Go on. Make way, make way.
FILCH;Potter?
FILCH;What are you...?
FILCH;Mrs. Norris?
FILCH;You've murdered my cat.
HARRY;No. No.
FILCH;I'll kill you.
FILCH;I'll kill you!
DUMBLEDORE;Argus!
DUMBLEDORE;Argus, I...
DUMBLEDORE;Everyone will proceed to their dormitories immediately.
DUMBLEDORE;Everyone except you three.
BOY;Ravenclaws, follow me.
DUMBLEDORE;She's not dead, Argus.
DUMBLEDORE;She has been Petrified.
GILDEROY LOCKHART;Aghh! Thought so.
GILDEROY LOCKHART;So unlucky I wasn't there.
GILDEROY LOCKHART;I know exactly the countercurse that could've spared her.
DUMBLEDORE;But how she has been Petrified, I cannot say.
FILCH;Ask him.
FILCH;It's him that's done it.
FILCH;You saw what he wrote on the wall.
HARRY;It's not true, sir. I swear.
HARRY;I never touched Mrs. Norris.
FILCH;Rubbish.
SNAPE;If I might, headmaster?
SNAPE;Perhaps Potter and his friends were just in the wrong place at the wrong time.
SNAPE;However the circumstances are suspicious.
SNAPE;I, for one, don't recall seeing Potter at dinner.
GILDEROY LOCKHART;I'm afraid that's my doing, Severus.
GILDEROY LOCKHART;You see, Harry was helping me answer my fan mail.
HERMIONE;That's why Ron and I went looking for him, professor.
HERMIONE;We'd just found him when he said...
SNAPE;Yes, Miss Granger?
HARRY;When I said I wasn't hungry.
HARRY;We were heading back to the common room when we found Mrs. Norris.
DUMBLEDORE;Innocent until proven guilty, Severus.
FILCH;My cat has been Petrified.
FILCH;I want to see some punishment!
DUMBLEDORE;We will be able to cure her, Argus.
DUMBLEDORE;As I understand it, Madam Sprout has a very healthy growth of Mandrake.
DUMBLEDORE;When matured, a potion will be made which will revive Mrs. Norris.
DUMBLEDORE;And in the meantime I strongly recommend caution to all.
HERMIONE;It's a bit strange, isn't it?
HARRY;Strange?
HERMIONE;You hear this voice, a voice only you can hear...
HERMIONE;and then Mrs. Norris turns up Petrified. It's just strange.
HARRY;Do you think I should have told them?
HARRY;Dumbledore and the others, I mean?
RON;Are you mad?
HERMIONE;No, Harry. Even in the wizarding world, hearing voices isn't a good sign.
PICTURE;She's right, you know.
MCGONAGALL;Could I have your attention,please?
MCGONAGALL;Right. Now, today, we will be transforming animals into water goblets.
MCGONAGALL;Like so.
MCGONAGALL;One, two, three. Vera Verto.
MCGONAGALL;Now it's your turn.
MCGONAGALL;Who would like to go first?
MCGONAGALL;Ahh , Mr. Weasley.
MCGONAGALL;One, two, three. Vera Verto.
RON;Vera Verto!
MCGONAGALL;That wand needs replacing, Mr. Weasley.
MCGONAGALL;Yes, Miss Granger?
HERMIONE;Professor I was wondering if you could tell us about the Chamber of Secrets.
MCGONAGALL;Very well.
MCGONAGALL;You all know, of course that Hogwarts was founded over a thousand years ago by the four greatest witches and wizards of the age:
MCGONAGALL;Godric Gryffindor,
MCGONAGALL;Helga Hufflepuff...
MCGONAGALL;Rowena Ravenclaw
MCGONAGALL;Salazar Slytherin.
MCGONAGALL;Now, three of the founders coexisted quite harmoniously.
MCGONAGALL;One did not.
RON;Three guesses who.
MCGONAGALL;Salazar Slytherin wished to be more selective about the students admitted to Hogwarts.
MCGONAGALL;He believed magical learning should be kept within all-magic families.
MCGONAGALL;In other words, pure-bloods.
MCGONAGALL;Unable to sway the others, he decided to leave the school.
MCGONAGALL;Now, according to legend Slytherin had built a hidden chamber in this castle known as the Chamber of Secrets.
MCGONAGALL;Though, shortly before departing, he sealed it until that time when his own true Heir returned to the school.
MCGONAGALL;The Heir alone would be able to open the Chamber and unleash the horror within, and by so doing purge the school of all those who in Slytherin's view, were unworthy to study magic.
HERMIONE;Muggle-borns.
MCGONAGALL;Well , Naturally, the school has been searched many times.
MCGONAGALL;No such chamber has been found.
HERMIONE;Professor? What exactly does legend tell us lies within the Chamber?
MCGONAGALL;The Chamber is said to be home to something that only the Heir of Slytherin can control.
MCGONAGALL;It is said to be the home of a monster.
RON;Do you think it's true?
RON; Do you think there really is a Chamber of Secrets?
HERMIONE;Yes. Couldn't you tell?
HERMIONE;McGonagall's worried.
HERMIONE;All the teachers are.
HARRY;If there really is a Chamber of Secrets, and it has been opened, that means...
HERMIONE;The Heir of Slytherin has returned to Hogwarts.
HERMIONE;The question is, who is it?
RON;Let's think.
RON;Who do we know who thinks all Muggle-borns are scum?
HERMIONE;If you're talking about Malfoy...
RON;Of course. You heard him.
RON;You'll be next, Mudbloods.
HERMIONE;I heard him.
HERMIONE;But Malfoy, the Heir of Slytherin?
HARRY;Maybe Ron's right, Hermione.
HARRY;I mean, look at his family.
HARRY;The whole lot of them have been in Slytherin for centuries.
RON;Crabbe and Goyle must know.
RON;Maybe we could trick them into telling.
HERMIONE;Even they aren't that thick.
HERMIONE;But there might be another way.
HERMIONE;Mind you, it would be difficult.
HERMIONE;Not to mention we'd be breaking about 50 school rules...
HERMIONE;and it'll be dangerous.
HERMIONE;Very dangerous.
HERMIONE;Here it is.
HERMIONE;The Polyjuice Potion.
HERMIONE;Properly brewed, the Polyjuice Potion allows the drinker to transform himself temporarily into the physical form of another.
RON;You mean if Harry and I drink that stuff, we'll turn into Crabbe and Goyle?
HERMIONE;Yes
RON;Wicked! Malfoy will tell us anything.
HERMIONE;Exactly.
HERMIONE;But it's tricky.
HERMIONE;I've never seen a more complicated potion.
HARRY;How long will it take to make?
HERMIONE;A month.
HARRY;A month?
HARRY;But, Hermione,
HARRY;if Malfoy is the Heir of Slytherin he could attack half the Muggle-borns in the school by then.
HERMIONE;I know.
HERMIONE;But it's the only plan we've got.
LEE JORDAN;Another goal for Slytherin!
LEE JORDAN;They lead Gryffindor 90 to 30.
SLYTHERINS;Yeah! Yeah!
DRACO;All right there, Scarhead?
WOOD;Watch yourself, Harry!
HARRY;Wood, look out!
HAGRID;Blimey! Harry's got himself a rogue Bludger.
HAGRID;That's been tampered with, that has.
RON;I'll stop it.
HERMIONE;No! Even with a proper wand, it's too risky.
HERMIONE;You could hit Harry.
DRACO;Training for the ballet, Potter!!
DRACO;You'll never catch me, Potter.
HERMIONE;Let's go.
LEE JORDAN;Harry Potter has caught the Snitch.
LEE JORDAN;Gryffindor wins!
HERMIONE;Finite Incantatem!
HARRY;Thank you.
HERMIONE;Are you okay?
HARRY;No. I think my arm is broken.
GILDEROY LOCKHART;Not to worry, Harry.
GILDEROY LOCKHART;I will fix that arm of yours straight away.
HARRY;No, Not you.
GILDEROY LOCKHART;Boy doesn't know what he's saying.
GILDEROY LOCKHART;This won't hurt a bit.
GILDEROY LOCKHART;Brackium Emendo!
GILDEROY LOCKHART;Yes, well, that can sometimes happen but the point is you can no longer feel any pain, and, very clearly, the bones are not broken.
HAGRID;Broken? There's no bones left.
GILDEROY LOCKHART;Much more flexible, though.
MADAM POMFREY;Mr. Malfoy, stop making such a fuss.
MADAM POMFREY;You can go. Out of my way.
MADAM POMFREY;Should have been brought straight to me.
MADAM POMFREY;I can mend bones in a heartbeat, but growing them back...
HERMIONE;You will be able to, won't you?
MADAM POMFREY;I'll be able to, certainly.
MADAM POMFREY;But it'll be painful.
MADAM POMFREY;You're in for a rough night, Potter.
MADAM POMFREY;Regrowing bones is a nasty business.
MADAM POMFREY;What do you expect?
MADAM POMFREY;Pumpkin juice?
VOICE;Kill. Kill.!!
VOICE;Time to kill..
DOBBY;Hello.
HARRY;Dobby?
DOBBY;Harry Potter should have listened to Dobby.
DOBBY;Harry Potter should have gone back home when he missed the train.
HARRY;It was you.
HARRY;You stopped the barrier from letting Ron and me through.
DOBBY;Indeed. Yes, sir.
HARRY;You nearly got Ron and me expelled.
DOBBY;At least you would be away from here.
DOBBY;Harry Potter must go home.
DOBBY;Dobby thought his Bludger would be enough to make Harry Potter see...
HARRY;Your Bludger? You made that Bludger chase after me?
DOBBY;Dobby feels most aggrieved, sir.
DOBBY;Dobby had to iron his hands.
HARRY;You better clear off before my bones come back Dobby, or I might strangle you.
DOBBY;Dobby is used to death threats, sir.
DOBBY;Dobby gets them five times a day at home.
HARRY;I don't suppose you could tell me why you're trying to kill me?
DOBBY;Not kill you, sir.
DOBBY;Never kill you.
DOBBY;Dobby remembers how it was before Harry Potter triumphed over He-Who-Must-Not-Be-Named.
DOBBY;We house-elves were treated like vermin, sir.
DOBBY;Of course, Dobby is still treated like vermin.
HARRY;Why do you wear that thing, Dobby?
DOBBY;This, sir? It is a mark of the house-elf's enslavement.
DOBBY;Dobby can only be freed if his master presents him with clothes.
DOBBY;Listen.
DOBBY;Listen!
DOBBY;Terrible things are about to happen at Hogwarts.
DOBBY;Harry Potter must not stay here...now that history is to repeat itself.
HARRY;Repeat itself? You mean this has happened before?
DOBBY;Oahh! I shouldn't have said that.
DOBBY;Bad Dobby! Bad!
HARRY;Stop it!
HARRY;Stop it, Dobby!
HARRY;Tell me Dobby when did this happen before?
HARRY;Who's doing it now?
DOBBY;Dobby cannot say, sir.
DOBBY;Dobby only wants Harry Potter to be safe.
HARRY;No, Dobby. Tell me.
HARRY;Who is it?
MADAM POMFREY;Put him here.
MADAM POMFREY;What happened?
DUMBLEDORE;There's been another attack.
MCGONAGALL;I think he's been Petrified, Madam Pomfrey.
MCGONAGALL;Look. Perhaps he managed to take a picture of his attacker.
MCGONAGALL;What can this mean, Albus?
DUMBLEDORE;It means that our students are in great danger.
MCGONAGALL;What should I tell the staff?
DUMBLEDORE;The truth.
DUMBLEDORE;Tell them Hogwarts is no longer safe.
DUMBLEDORE;It is as we feared, Minerva
DUMBLEDORE;The Chamber of Secrets has indeed been opened again.
HERMIONE;Again? You mean the Chamber of Secrets has been opened before?
RON;Of course.
RON;Don't you see?
RON;Lucius Malfoy must have opened it when he was at school here.
RON;Now he's taught Draco how to do it.
HERMIONE;Maybe.
HERMIONE;We'll have to wait for the Polyjuice Potion to know for sure.
RON;Enlighten me. Why are we brewing this potion in broad daylight in the middle of the girls' lavatory?
RON;Don't you think we'll get caught?
HERMIONE;No. No one ever comes in here.
RON;Why?
HERMIONE;Moaning Myrtle.
RON;Who?
HERMIONE;Moaning Myrtle.
RON;Who's Moaning Myrtle?
MOANING MYRTLE;I'm Moaning Myrtle.
MOANING MYRTLE;I wouldn't expect you to know me.
MOANING MYRTLE;Who would ever talk about ugly, miserable moping Moaning Myrtle? Aaaaaa…
HERMIONE;She's a little sensitive.
GILDEROY LOCKHART;Gather round!
GILDEROY LOCKHART;Gather round.
GILDEROY LOCKHART;Can everybody see me?
GILDEROY LOCKHART;Can you all hear me?
GILDEROY LOCKHART;Excellent.
GILDEROY LOCKHART;In light of the dark events of recent weeks Professor Dumbledore has granted me permission to start this Dueling Club to train you all up.
GILDEROY LOCKHART;In case you ever need to defend yourselves as I myself have done on countless occasions.
GILDEROY LOCKHART;For full details, see my published works.
GILDEROY LOCKHART;Let me introduce my assistant Professor Snape.
GILDEROY LOCKHART;He has sportingly agreed to help with a short demonstration.
GILDEROY LOCKHART;I don't want any of you youngsters to worry.
GILDEROY LOCKHART;You'll still have your Potions master when I'm through with him. Never fear.
GILDEROY LOCKHART;One.Two. Three!
SNAPE;Expelliarmus!
HERMIONE;Do you think he's all right?
RON;Who cares?
GILDEROY LOCKHART;An excellent idea to show them that, Professor Snape...
GILDEROY LOCKHART;but if you don't mind me saying, it was obvious what you were about to do.
GILDEROY LOCKHART;If I had wanted to stop you, it would have been only too easy.
SNAPE;Perhaps it would be prudent to first teach the students to block unfriendly spells, professor.
GILDEROY LOCKHART;An excellent suggestion, Professor Snape..
GILDEROY LOCKHART;Let's have a volunteer pair.
GILDEROY LOCKHART;Potter, Weasley, how about you?
SNAPE;Weasley's wand causes devastation with the simplest spells.
SNAPE;We'll be sending Potter to the hospital wing in a matchbox.
SNAPE;Might I suggest someone from my own house?
SNAPE;Malfoy, perhaps?
GILDEROY LOCKHART;Good luck, Potter.
HARRY;Thank you, sir.
GILDEROY LOCKHART;Wands at the ready.
DRACO;Scared, Potter?
HARRY;You wish.
GILDEROY LOCKHART;On the count of three cast your charms to disarm your opponent. Only to disarm.
GILDEROY LOCKHART;We don't want any accidents here.
GILDEROY LOCKHART;One. Two...
DRACO;Everte Statum!
HARRY;Rictusempra!
GILDEROY LOCKHART;I said disarm only.
DRACO;Serpensortia!
SNAPE;Don't move, Potter.
SNAPE;I'll get rid of it for you.
GILDEROY LOCKHART;Allow me, Professor Snape.
GILDEROY LOCKHART;Alarte Ascendare!
SNAPE;Vipera Evanesca.
JUSTIN FINCH-FLETCHLEY;What are you playing at?
RON;You're a Parselmouth?
RON;Why didn't you tell us?
HARRY;I'm a what?
HERMIONE;You can talk to snakes.
HARRY;I know. I accidentally set a python on my cousin Dudley at the zoo once.
HARRY;Once. But so what?
HARRY;I bet loads of people here can do it.
HERMIONE;No, they can't.
HERMIONE;It's not a very common gift, Harry.
HERMIONE;This is bad.
HARRY;What's bad? If I hadn't told that snake not to attack Justin...
RON;That's what you said to it.
HARRY;You were there. You heard me.
RON;I heard you speaking Parseltongue.
RON;Snake language.
HARRY;I spoke a different language?
HARRY;But I didn't realize...
HARRY;How can I speak a language without knowing I can?
HERMIONE;I don't know, but it sounded like you were egging the snake on or something.
HERMIONE;Harry, listen to me.
HERMIONE;There's a reason the symbol of Slytherin house is a serpent.
HERMIONE;Salazar Slytherin was a Parselmouth.
HERMIONE;He could talk to snakes too.
RON;Exactly.
RON;Now the whole school's gonna think you're his great-great-great grandson.
HARRY;But I'm not.
HARRY;I can't be.
HERMIONE;He lived a thousand years ago.
HERMIONE;For all we know, you could be.
HARRY;I'll see you back in the common room.
VOICE;I want blood.
VOICE;They all must die.
VOICE;Kill. Kill. Kill.
VOICE;Time to kill.
FILCH;Caught in the act.
FILCH;I'll have you out this time, Potter.
FILCH;Mark my words.
HARRY;No. Mr. Filch! You don't understand...
HARRY;Professor I swear I didn't.
MCGONAGALL;This is out of my hands, Potter.
MCGONAGALL;Professor Dumbledore will be waiting for you.
MCGONAGALL;Sherbet Lemon.
HARRY;Professor Dumbledore?
SORTING HAT;Bee in your bonnet, Potter?
HARRY;I...I..I was just wondering if you put me in the right house.
SORTING HAT;Yes. You were particularly difficult to place.
SORTING HAT;But I stand by what I said last year.
SORTING HAT;You would have done well in Slytherin.
HARRY;You're wrong.
DUMBLEDORE;Harry?
HARRY;Professor.
HARRY;Your bird...There was nothing I could do.
HARRY;He just caught fire.
DUMBLEDORE;And about time too.
DUMBLEDORE;He's been looking dreadful for days.
DUMBLEDORE;Pity you had to see him on a burning day.
DUMBLEDORE;Fawkes is a phoenix, Harry.
DUMBLEDORE;They burst into flame when it is time for them to die...
DUMBLEDORE;and then they are reborn from the ashes.
DUMBLEDORE;Fascinating creatures, phoenixes.
DUMBLEDORE;They can carry immensely heavy loads.
DUMBLEDORE;Their tears have healing powers.
HAGRID;Professor Dumbledore, sir!
HAGRID;Wait! Listen!
HAGRID;Professor Dumbledore, sir, it wasn't Harry.
HAGRID;I'd be prepared to swear it in front of the Ministry of Magic.
DUMBLEDORE;Hagriiid!! Relax.
DUMBLEDORE;I do not believe that Harry attacked anyone.
HAGRID;Of course you don't.
HAGRID;Ohh! Oww! Right. Well, I'll...
HAGRID;I'll just wait outside, then.
DUMBLEDORE;Yes.
HARRY;You don't think it was me, professor?
DUMBLEDORE;No, Harry. I do not think it was you.
DUMBLEDORE;But I must ask you is there something you wish to tell me?
HARRY;No, sir. Nothing
DUMBLEDORE;Very well, then.
DUMBLEDORE;Off you go.
HERMIONE;Everything's set.
HERMIONE;We just need a bit of who you're changing into.
HARRY;Crabbe and Goyle.
HERMIONE;We also need to make sure that the real Crabbe and Goyle can't burst in on us while we're interrogating Malfoy.
RON;How?
HERMIONE;I've got it all worked out.
HERMIONE;I filled these with a simple Sleeping Draught.
HERMIONE;Simple, but powerful.
HERMIONE;Now, once they're asleep hide them in the broomstick cupboard and pull out a few of their hairs and put on their uniforms.
RON;Whose hair are you ripping out, then?
HERMIONE;I've already got mine.
HERMIONE;Millicent Bulstrode. Slytherin.
HERMIONE;I got this off her robes.
HERMIONE;I'm going to go check on the Polyjuice Potion.
HERMIONE;Make sure that Crabbe and Goyle find these.
HARRY;Ron, maybe I should do it.
RON;Yeah. Right.
HARRY;Wingardium Leviosa.
CRABBE;Cool. Umm..um.
RON;How thick could you get?
HARRY;Come on, let's get them.
HERMIONE;We'll have exactly one hour before we change back into ourselves.
HERMIONE;Add the hairs.
RON;Essence of Crabbe.
HERMIONE;Cheers.
RON;I think I'm gonna be sick.
HERMIONE;Me too.
RON;Harry?
HARRY;Ron.
RON;Bloody hell!
HARRY;We still sound like ourselves.
HARRY;You need to sound more like Crabbe.
RON;Bloody hell.
HARRY;Excellent.
RON;But where's Hermione?
HERMIONE;I...I don't think I'm going.
HERMIONE;You go on without me.
HARRY;Hermione, are you okay?
HERMIONE;Just go. You're wasting time.
HARRY;Come on.
HARRY;I think the Slytherin common room's this way.
PERCY;Excuse me.
RON;What are you doing d...?
RON;I mean, what are you doing down here?
PERCY;I happen to be a school prefect.
PERCY;You, on the other hand, have no business wandering the corridors at night.
PERCY;What are your names again?
HARRY;I'm...
DRACO;Crabbe, Goyle, where have you been?
DRACO;Pigging out in the Great Hall all this time?
DRACO;Why are you wearing glasses?
HARRY;Ah- um.. Reading.
DRACO;Reading?
DRACO;I didn't know you could read.
DRACO;And what are you doing down here, Weasley?
PERCY;Mind your attitude, Malfoy.
DRACO;Well, sit down.
DRACO;You'd never know the Weasleys were pure-bloods, the way they behave.
DRACO;They're an embarrassment to the wizarding world. All of them.
DRACO;What's wrong with you, Crabbe?
RON;Stomachache.
DRACO;I'm surprised the Daily Prophet hasn't done a report on all these attacks.
DRACO;I suppose Dumbledore is trying to hush it all up.
DRACO;Father always said Dumbledore was the worst thing that ever happened to this place.
HARRY;You're wrong!
DRACO;What?
DRACO;You think there's someone here who's worse than Dumbledore?
DRACO;Well? Do you?
HARRY;Harry Potter?
DRACO;Good one, Goyle.
DRACO;You're absolutely right.
DRACO;Saint Potter.
DRACO;And people actually think that he's the Heir of Slytherin?
HARRY;But then you must have some idea who's behind it all.
DRACO;You know I don't, Goyle.
DRACO;I told you yesterday.
DRACO;How many times do I have to tell you?
DRACO;Is this yours?
DRACO;But my father did say this:
DRACO;It's been 50 years since the Chamber was opened.
DRACO;He wouldn't tell me who opened it.
DRACO;Only that they were expelled.
DRACO;The last time the Chamber of Secrets was opened, a Mudblood died.
DRACO;So it's only a matter of time before one of them is killed this time.
DRACO;As for me I hope it's Granger.
DRACO;What's the matter with you two?
DRACO;You're acting very odd.
HARRY;It's his stomachache.
HARRY;Calm down.
RON;Scar!
HARRY;Hair!
DRACO;Hey! Where are you going?
RON;That was close.
HARRY;Hermione, come out.
HARRY;We've got loads to tell you.
HERMIONE;Go away.
MOANING MYRTLE;Wait till you see. It's awful.
HARRY;Hermione?
HARRY;Are you okay?
HERMIONE;Do you remember me telling you that the Polyjuice Potion was only for human transformations?
HERMIONE;It was cat hair I plucked off Millicent Bulstrode's robes.
HERMIONE;Look at my face.
RON;Look at your tail.
RON;Have you spoken to Hermione?
HARRY;She should be out of hospital in a few days when she stops coughing up fur balls.
HARRY;What's this?
RON;Yuck!
HARRY;Looks like Moaning Myrtle's flooded the bathroom.
MOANING MYRTLE;Ohh-Uhh..Come to throw something else at me?
HARRY;Why would I throw something at you?
MOANING MYRTLE;Don't ask me. Here I am, minding my own business and someone thinks it's funny to throw a book at me.
RON;But it can't hurt if someone throws something at you.
RON;I mean, it'll just go right through you.
MOANING MYRTLE;SURE! Let's all throw books at Myrtle because she can't feel it.
MOANING MYRTLE;Ten points if you get it through her stomach!
MOANING MYRTLE;Fifty points if it goes through her head!
HARRY;But who threw it at you, anyway?
MOANING MYRTLE;I don't know. I didn't see them.
MOANING MYRTLE;I was just sitting in the U-bend, thinking about death and it fell through the top of my head.
MOANING MYRTLE;Whoo-oooh-whoooo...
HARRY;"""Tom Marvolo Riddle."""
HARRY;My name is Harry Potter.
DIARY;Hello Harry Potter, my name is Tom Riddle.
HARRY;Do you know anything about the Chamber of Secrets?
DIARY;Yes.
HARRY;Can you tell me?
DIARY;No. But I can show you.
DIARY;Let me take you back fifty years ago.
DIARY;13th June..
HARRY;Excuse me.
HARRY;Could you tell me what's going on here?
HARRY;Are you Tom Riddle?
HARRY;Hello, can you hear me?
DUMBLEDORE;Riddle! Come.
TOM RIDDLE;Professor Dumbledore.
HARRY;Dumbledore?
DUMBLEDORE;It is not wise to be wandering around this late hour, Tom.
TOM RIDDLE;Yes, professor. I suppose I...
TOM RIDDLE;I had to see for myself if the rumors were true.
DUMBLEDORE;I'm afraid they are, Tom.
DUMBLEDORE;They are true.
TOM RIDDLE;About the school as well?
TOM RIDDLE;I don't have a home to go to.
TOM RIDDLE;They wouldn't really close Hogwarts, would they, professor?
DUMBLEDORE;I understand, Tom, but I'm afraid Headmaster Dippet may have no choice.
TOM RIDDLE;Sir, if it all stopped, if the person responsible was caught...
DUMBLEDORE;Is there something you wish to tell me?
TOM RIDDLE;No, sir. Nothing.
DUMBLEDORE;Very well, then. Off you go.
TOM RIDDLE;Good night, sir.
HAGRID;Let's get you out of there.
TOM RIDDLE;Evening, Hagrid.
TOM RIDDLE;I'm going to have to turn you in Hagrid
TOM RIDDLE;I don't think you meant it to kill anyone...
HAGRID;You can't. You don't understand.
TOM RIDDLE;The dead girl's parents will be here tomorrow.
TOM RIDDLE;The least Hogwarts can do is make sure the thing that killed their daughter is slaughtered.
HAGRID;It wasn't him.
HAGRID;Aragog never killed no one. Never.
TOM RIDDLE;Monsters don't make good pets, Hagrid.
TOM RIDDLE;Now, stand aside.
HAGRID;No!
TOM RIDDLE;Stand aside, Hagrid.
HAGRID;No!
TOM RIDDLE;Cistem Aperio!
TOM RIDDLE;Arania Exumai!
HAGRID;Aragog! Aragog!
TOM RIDDLE;I can't let you go.
TOM RIDDLE;They'll have your wand for this, Hagrid.
TOM RIDDLE;You'll be expelled.
HARRY;Hagrid!
HARRY;HAAGRIIID!
HARRY;Wow!
HARRY;It was Hagrid.
HARRY;Hagrid opened the Chamber of Secrets 50 years ago.
HERMIONE;It can't be Hagrid.
HERMIONE;It just can't be.
RON;We don't even know this Tom Riddle.
RON;He sounds like a dirty, rotten snitch.
HARRY;The monster had killed somebody, Ron.
HARRY;What would any of us have done?
HERMIONE;Look, Hagrid's our friend.
HERMIONE;Why don't we just go and ask him about it?
RON;That would be a cheerful visit.
RON;"Hello, Hagrid.
 Tell us, have you been setting anything mad and hairy loose in the castle lately?"
HAGRID;Mad and hairy? You wouldn't be talking about me, now, would you?
HARRY-RON-HERMIONE;No.
HARRY;What's that you've got, Hagrid?
HAGRID;It's Flesh-Eating Slug Repellent.
HAGRID;For the Mandrakes, you know.
HAGRID;Now, according to Professor Sprout, they've still got a bit of growing to do.
HAGRID;But once their acne's cleared up, we'll chop them up and stew them. and then we'll get those people down at the hospital un-Petrified.
HAGRID;In the meantime, though, you three had best be looking after yourselves.
HAGRID;All right?
HAGRID;Hello, Neville.
NEVILLE;Harry, I don't know who did it, but you'd better come.
NEVILLE;Come on!
HERMIONE;It had to be a Gryffindor.
HERMIONE;Nobody else knows our password.
HERMIONE;Unless it wasn't a student.
RON;Whoever it was, they must have been looking for something.
HARRY;And they found it.
HARRY;Tom Riddle's diary is gone.
WOOD;All right, listen up.
WOOD;We play our game, Hufflepuff doesn't stand a chance.
WOOD;We're stronger, quicker and smarter.
FRED;Not to mention they're dead scared that Harry will Petrify them if they fly anywhere near him.
WOOD;Well, that too.
WOOD;Professor McGonagall.
MCGONAGALL;This match has been canceled.
WOOD;We can't cancel Quidditch.
MCGONAGALL;Silence, Wood. You and your teammates will go to Gryffindor Tower. Now.
MCGONAGALL;Potter, you and I will find Mr. Weasley.
MCGONAGALL;There's something the both of you have to see.
MCGONAGALL;I warn you.
MCGONAGALL;This could be a wee bit of a shock.
RON;Hermione!
MCGONAGALL;She was found near the library along with this.
MCGONAGALL;Does it mean anything to either of you?
HARRY;No.
MCGONAGALL;Could I have your attention, please?
MCGONAGALL;Because of recent events, these new rules will be put into effect immediately:
MCGONAGALL;"All students will return to their house common rooms by 6:00 every evening.
"
MCGONAGALL;All students will be escorted to each lesson by a teacher.
MCGONAGALL;No exceptions.
MCGONAGALL;I should tell you this:
MCGONAGALL;Unless the culprit behind these attacks is caught it is likely the school will be closed.
HARRY;We've got to talk to Hagrid, Ron.
HARRY;I can't believe it's him but if he did set the monster loose last time he'll know how to get inside the Chamber of Secrets. That's a start.
RON;But you heard McGonagall.
RON;We're not allowed to leave the tower except for class.
HARRY;I think it's time to get my dad's old cloak out again.
HAGRID;Who's there?
HAGRID;Hello? Hello?
HARRY;What's that for?
HAGRID;Nothing. I was expecting... It doesn't matter. Come on in.
HAGRID;I just made a pot of tea.
HARRY;Hagrid, are you okay?
HAGRID;I'm fine. I'm all right.
HARRY;Did you hear about Hermione?
HAGRID;Oh yeah. I heard about that, all right.
HARRY;Look, we have to ask you something.
HARRY;Do you know who's opened the Chamber of Secrets?
HAGRID;What you had to understand about that is...
HAGRID;Quick, under the cloak.
HAGRID;Don't say a word.
HAGRID;Be quiet, both of you.
HAGRID;Professor Dumbledore, sir.
DUMBLEDORE;Good evening, Hagrid.
DUMBLEDORE;I wonder, could we...?
HAGRID;Of course. Come in. Come in.
RON;That's Dad's boss.
RON;Cornelius Fudge, Minister of Magic.
FUDGE;Bad business, Hagrid, very bad business.
FUDGE;Had to come.
FUDGE;Three attacks on Muggle-borns.
FUDGE;Things have gone far enough.
FUDGE;The Ministry's got to act.
HAGRID;But I never...
HAGRID;You know I never, professor.
DUMBLEDORE;I want it understood, Cornelius that Hagrid has my full confidence.
FUDGE;Albus, look, Hagrid's record is against him.
FUDGE;I've got to take him.
HAGRID;Take me? Take me where?
HAGRID;Not Azkaban prison.
FUDGE;I'm afraid we have no choice, Hagrid.
LUCIUS MALFOY;Already here, Fudge?
LUCIUS MALFOY;Good.
HAGRID;What are you doing here?
HAGRID;Get out of my house!
LUCIUS MALFOY;Believe me I take absolutely no pleasure being inside your...
LUCIUS MALFOY;You call this a house?
LUCIUS MALFOY;No.
LUCIUS MALFOY;I simply called up the school and was told the headmaster was here.
DUMBLEDORE;Well, what exactly is it that you want with me?
LUCIUS MALFOY;The other governors and I have decided it's time for you to step aside.
LUCIUS MALFOY;This is an order of suspension.
LUCIUS MALFOY;You'll find all 12 signatures on it.
LUCIUS MALFOY;I'm afraid we feel you've rather lost your touch.
LUCIUS MALFOY;Well, what, with all these attacks there'll be no Muggle-borns left at Hogwarts.
LUCIUS MALFOY;I can only imagine what an awful loss that would be to the school.
HAGRID;You can't take Professor Dumbledore away.
HAGRID;Take him away and the Muggle-borns won't stand a chance.
HAGRID;You mark my words, there'll be killings next!
LUCIUS MALFOY;You think so?
DUMBLEDORE;Calm yourself, Hagrid.
DUMBLEDORE;If the governors desire my removal I will, of course, step aside.
DUMBLEDORE;However you will find that help will always be given at Hogwarts to those who ask for it.
LUCIUS MALFOY;Admirable sentiments.
LUCIUS MALFOY;Shall we?
LUCIUS MALFOY;Fudge.
FUDGE;Come, Hagrid.
HAGRID;Well? If...
HAGRID;If anybody was looking for some stuff then all they'd have to do would be to follow the spiders.
HAGRID;Yep. That would lead them right.
HAGRID;That's all I have to say.
HAGRID;And someone will need to feed Fang while I'm away.
FUDGE;Good boy.
RON;Hagrid's right.
RON;With Dumbledore gone, there'll be an attack a day.
HARRY;Look.
HARRY;Come on.
HARRY;Come on, Fang.
HARRY;Come on.
RON;What?
HARRY;You heard what Hagrid said.
HARRY;Follow the spiders.
RON;They're heading to the Dark Forest.
RON;"Why spiders? Why couldn't it be ""follow the butterflies""?"
RON;Harry, I don't like this.
RON;Harry, I don't like this at all.
HARRY;Shush!
RON;Can we go back now?
HARRY;Come on.
ARAGOG;Who is it?
HARRY;Don't panic.
ARAGOG;Hagrid?
ARAGOG;Is that you?
HARRY;We're friends of Hagrid's.
HARRY;And you?
HARRY;You're Aragog, aren't you?
ARAGOG;Yes.
ARAGOG;Hagrid has never sent men into our hollow before.
HARRY;He's in trouble. Up at the school, there have been attacks.
HARRY;They think it's Hagrid.
HARRY;They think he opened the Chamber of Secrets. Like before.
ARAGOG;That's a lie.
ARAGOG;Hagrid never opened the Chamber of Secrets.
HARRY;Then you're not the monster?
ARAGOG;No.
ARAGOG;The monster was born in the castle.
ARAGOG;I came to Hagrid from a distant land in the pocket of a traveler.
RON;Harry.
HARRY;But if you're not the monster, then what did kill that girl 50 years ago?
ARAGOG;We do not speak of it.
ARAGOG;It is an ancient creature we spiders fear above all others.
HARRY;But have you seen it?
ARAGOG;I never saw any part of the castle but the box in which Hagrid kept me.
ARAGOG;The girl was discovered in a bathroom.
ARAGOG;When I was accused, Hagrid brought me here.
RON;Harry!
HARRY;What?
HARRY;Well, thank you.
HARRY;We'll just go.
ARAGOG;Go?
ARAGOG;I think not.
ARAGOG;My sons and daughters do not harm Hagrid on my command.
ARAGOG;But I cannot deny them fresh meat when it wanders so willingly into our midst.
ARAGOG;Goodbye, friend of Hagrid.
RON;Can we panic now?
RON;Know any spells?
HARRY;One, but it's not powerful enough for all of them.
RON;Where's Hermione when you need her?
HARRY;Let's go!
HARRY;Arania Exumai!
HARRY;Go!
RON;Glad we're out of there.
HARRY;Arania Exumai!
RON;Thanks for that.
HARRY;Don't mention it.
HARRY;Get us out of here.
HARRY;Now!
HARRY;Come on!
HARRY;Come on, move faster!
HARRY;Come on! Go!
HARRY;Get us in the air.
RON;The flying gear's jammed!
HARRY;Come on! Pull!
RON;I'm trying!
RON;Follow the spiders!
RON;Follow the spiders.
RON;If Hagrid ever gets out of Azkaban, I'll kill him.
RON;I mean, what was the point of sending us in there?
RON;What have we found out?
HARRY;We know one thing.
HARRY;Hagrid never opened the Chamber of Secrets.
HARRY;He was innocent.
HARRY;Wish you were here, Hermione.
HARRY;We need you.
HARRY;Now more than ever.
RON;What's that?
HARRY;Ron...
HARRY;This is why Hermione was in the library the day she was attacked.
HARRY;Come on.
HARRY;"Of the many fearsome beasts that roam our land none is more deadly than the basilisk.
"
HARRY;Capable of living for hundreds of years instant death awaits any who meet this giant serpent's eye.
HARRY;Spiders flee before it.
HARRY;Ron, this is it.
HARRY;The monster in the Chamber of Secrets is a basilisk.
HARRY;That's why I can hear it speak.
HARRY;It's a snake.
RON;But if it kills by looking people in the eye, why is it no one's dead?
HARRY;Because no one did look it in the eye.
HARRY;Not directly, at least.
HARRY;Colin saw it through his camera.
HARRY;Justin... Justin must have seen the basilisk through Nearly Headless Nick.
HARRY;Nick got the full blast of it.
HARRY;But he's a ghost, he couldn't die again.
HARRY;And Hermione had the mirror.
HARRY;I bet you she was using it to look around corners in case it came along.
RON;And Mrs. Norris?
RON;I'm pretty sure she didn't havea camera or a mirror, Harry.
HARRY;The water.
HARRY;There was water on the floor that night.
HARRY;She only saw the basilisk's reflection.
HARRY;Spiders flee before it.
HARRY;It all fits.
RON;How's a basilisk been getting around?
RON;A dirty, great snake.
RON;Someone would have seen it.
HARRY;Hermione's answered that too.
RON;Pipes? It's using the plumbing.
HARRY;Remember what Aragog said about that girl 50 years ago?
HARRY;She died in a bathroom?
HARRY;What if she never left?
RON;Moaning Myrtle.
MCGONAGALL;All students are to return to their house dormitories at once.
MCGONAGALL;All teachers to the second-floor corridor immediately.
MCGONAGALL;As you can see, the Heir of Slytherin has left another message.
MCGONAGALL;Our worst fear has been realized.
MCGONAGALL;A student has been taken by the monster into the Chamber itself.
MCGONAGALL;The students must be sent home.
MCGONAGALL;I'm afraid this is the end of Hogwarts.
GILDEROY LOCKHART;So sorry. Dozed off.
GILDEROY LOCKHART;What have I missed?
SNAPE;A girl has been snatched by the monster, Lockhart.
SNAPE;Your moment has come at last.
GILDEROY LOCKHART;My moment?
SNAPE;Weren't you saying just last night that you've known all along where the entrance to the Chamber of Secrets is?
MCGONAGALL;That's settled.
MCGONAGALL;We'll leave you to deal with the monster, Gilderoy.
MCGONAGALL;Your skills, after all, are legend.
GILDEROY LOCKHART;Very well.
GILDEROY LOCKHART;I'll just be in my office getting...
GILDEROY LOCKHART;Getting ready.
MADAM POMFREY;Who is it that the monster's taken, Minerva?
MCGONAGALL;Ginny Weasley.
RON;Her skeleton will lie in the Chamber forever.
RON;Ginny.
HARRY;Lockhart may be useless, but he's going to try and get into the Chamber.
HARRY;At least we can tell him what we know.
HARRY;Professor, we have some information for you.
HARRY;Are you going somewhere?
GILDEROY LOCKHART;Well, yes. Urgent call. Unavoidable.
GILDEROY LOCKHART;Got to go.
RON;What about my sister?
GILDEROY LOCKHART;Well… Aemm…
GILDEROY LOCKHART;As to that, most unfortunate.
GILDEROY LOCKHART;No one regrets more than I.
RON;You're the Defense Against the Dark Arts teacher.
RON;You can't go now.
GILDEROY LOCKHART;I must say, when I took the job, there was nothing in the description...
HARRY;You're running away?
HARRY;After all you did in your books?
GILDEROY LOCKHART;Books can be misleading.
HARRY;You wrote them.
GILDEROY LOCKHART;My dear boy, use your common sense.
GILDEROY LOCKHART;My books wouldn't have sold as well if people didn't think I'd done those things.
HARRY;You're a fraud.
HARRY;You've been taking credit for what other wizards have done.
RON;Is there anything you can do?
GILDEROY LOCKHART;Yes, now you mention it.
GILDEROY LOCKHART;I'm rather gifted with Memory Charms.
GILDEROY LOCKHART;Otherwise, all those wizards would have gone blabbing.
GILDEROY LOCKHART;I'd never have sold another book.
GILDEROY LOCKHART;In fact, I'm going to have to do the same to you.
HARRY;Don't even think about it.
MOANING MYRTLE;Who's there?
MOANING MYRTLE;Hello, Harry.
MOANING MYRTLE;What do you want?
HARRY;To ask you how you died.
MOANING MYRTLE;It was dreadful.
MOANING MYRTLE;It happened right here in this very cubicle.
MOANING MYRTLE;I'd hidden because Olive Hornby was teasing me about my glasses.
MOANING MYRTLE;I was crying, and then I heard somebody come in.
HARRY;Who was it, Myrtle?
MOANING MYRTLE;I don't know. I was distraught!
MOANING MYRTLE;But they said something funny, a kind of made-up language.
MOANING MYRTLE;And I realized it was a boy, so I unlocked the door to tell him to go away and I died.
HARRY;Just like that? How?
MOANING MYRTLE;I just remember seeing a pair of great, big, yellow eyes over there by that sink.
HARRY;This is it.
HARRY;This is it, Ron. I think this is the entrance to the Chamber of Secrets.
RON;Say something.
RON;Harry say something in Parseltongue!
GILDEROY LOCKHART;Excellent, Harry. Good work.
GILDEROY LOCKHART;Well, then, I'll just be...
GILDEROY LOCKHART;There's no need for me to stay.
HARRY;Yes, there is.
HARRY;You first.
GILDEROY LOCKHART;Now, boys, what good will it do?
RON;Better you than us.
GILDEROY LOCKHART;But... Obviously, yes.
GILDEROY LOCKHART;Sure you don't want to test it first?
GILDEROY LOCKHART;It's really quite filthy down here.
HARRY;All right. Let's go.
MOANING MYRTLE;Oh, Harry?
MOANING MYRTLE;If you die down there, you're welcome to share my toilet.
HARRY;Thanks, Myrtle.
HARRY;Now, remember: Any sign of movement, close your eyes straightaway.
RON;Go on.
HARRY;This way.
RON;What's this?
GILDEROY LOCKHART;It looks like a snake.
HARRY;It's a snake skin.
RON;Bloody hell.
RON;Whatever shed this must be 60 feet long. Or more.
RON;Heart of a lion, this one.
GILDEROY LOCKHART;The adventure ends here, boys.
GILDEROY LOCKHART;But don't fret.
GILDEROY LOCKHART;The world will know our story.
GILDEROY LOCKHART;How I was too late to save the girl.
GILDEROY LOCKHART;How you two tragically lost your minds at the sight of her mangled body.
GILDEROY LOCKHART;So...You first, Mr. Potter.
GILDEROY LOCKHART;Say goodbye to your memories.
GILDEROY LOCKHART;Obliviate!
RON;Harry! Harry
HARRY;Ron! Ron, are you okay?
RON;I'm fine.
GILDEROY LOCKHART;Hello. Who are you?
RON;Ron Weasley.
GILDEROY LOCKHART;Really?
GILDEROY LOCKHART;And who am I?
RON;Lockhart's Memory Charm backfired.
RON;He hasn't got a clue who he is.
GILDEROY LOCKHART;It's an odd sort of place, isn't it?
GILDEROY LOCKHART;Do you live here?
RON;No.
GILDEROY LOCKHART;Really?
RON;What do I do now?
HARRY;You wait here and try and shift some of this rock so we can get back through.
HARRY;I'll go on and find Ginny.
RON;Okay.
HARRY;Ginny! Ginny, please don't be dead.
HARRY;Wake up, wake up.
HARRY;Please wake up.
TOM RIDDLE;She won't wake.
HARRY;Tom. Tom Riddle.
HARRY;What do you mean, she won't wake?
HARRY;She's not...?
TOM RIDDLE;She's still alive, but only just.
HARRY;Are you a ghost?
TOM RIDDLE;A memory preserved in a diary for 50 years.
HARRY;She's cold as ice.
HARRY;Ginny, please don't be dead. Wake up.
HARRY;You've got to help me, Tom.
HARRY;There's a basilisk.
TOM RIDDLE;It won't come until it's called.
HARRY;Give me my wand, Tom.
TOM RIDDLE;You won't be needing it.
HARRY;We've got to go. We've got to save her.
TOM RIDDLE;I'm afraid I can't do that.
TOM RIDDLE;You see, as poor Ginny grows weaker, I grow stronger.
TOM RIDDLE;Yes, Harry, it was Ginny Weasley who opened the Chamber of Secrets.
HARRY;No. She couldn't. She wouldn't.
TOM RIDDLE;It was Ginny who set the basilisk on the Mudbloods and Filch's cat Ginny who wrote the threatening messages on the walls.
HARRY;But why?
TOM RIDDLE;Because I told her to.
TOM RIDDLE;You'll find I can be very persuasive.
TOM RIDDLE;Not that she knew what she was doing.
TOM RIDDLE;She was, shall we say, in a kind of trance.
TOM RIDDLE;Still, the power of the diary began to scare her.
TOM RIDDLE;She tried to dispose of it in the girls' bathroom.
TOM RIDDLE;And then who should find it but you?
TOM RIDDLE;The very person I was most anxious to meet.
HARRY;And why did you want to meet me?
TOM RIDDLE;I knew I had to talk to you, meet you if I could.
TOM RIDDLE;So I decided to show you my capture of that brainless oaf Hagrid to gain your trust.
HARRY;Hagrid's my friend.
HARRY;And you framed him, didn't you?
TOM RIDDLE;It was my word against Hagrid's.
TOM RIDDLE;Only Dumbledore seemed to think he was innocent.
HARRY;I'll bet Dumbledore saw right through you.
TOM RIDDLE;He certainly kept an annoyingly close watch on me after that.
TOM RIDDLE; I knew it wouldn't be safe to open the Chamber again while I was at school so I decided to leave behind a diary preserving my 16-year-old self in its pages so that one day
TOM RIDDLE;I would be able to lead another to finish Salazar Slytherin's noble work.
HARRY;Well, you haven't finished it this time.
HARRY;In a few hours, the Mandrake Draught will be ready.
HARRY;And everyone who was Petrified will be all right again.
TOM RIDDLE;Haven't I told you? Killing Mudbloods doesn't matter to me anymore.
TOM RIDDLE;For many months now, my new target has been you.
TOM RIDDLE;How is it that a baby with no extraordinary magical talent was able to defeat the greatest wizard of all time?
TOM RIDDLE;How did you escape with nothing but a scar while Lord Voldemort's powers were destroyed?
HARRY;Why do you care how I escaped?
HARRY;Voldemort was after your time.
TOM RIDDLE;Voldemort is my past, present and future.
HARRY;You. You're the Heir of Slytherin.
HARRY;You're Voldemort.
TOM RIDDLE;Surely you didn't think .I was going to keep my filthy Muggle father's name?
TOM RIDDLE;No. I fashioned myself a new name, a name I knew wizards everywhere would fear to speak when I became the greatest sorcerer in the world.
HARRY;Albus Dumbledore is the greatest sorcerer in the world.
TOM RIDDLE;Dumbledore's been driven out of this castle by the mere memory of me.
HARRY;He'll never be gone.
HARRY;Not as long as those who remain are loyal to him.
HARRY;Fawkes?
TOM RIDDLE;So this is what Dumbledore sends his great defender.
TOM RIDDLE;A songbird and an old hat.
TOM RIDDLE;Let's match the power of Lord Voldemort, Heir of Salazar Slytherin against the famous Harry Potter.
TOM RIDDLE;Parseltongue won't save you now, Potter.
TOM RIDDLE;It only obeys me.
TOM RIDDLE;No! Your bird may have blinded the basilisk, but it can still hear you.
TOM RIDDLE;Yes, Potter.
TOM RIDDLE;The process is nearly complete.
TOM RIDDLE;In a few minutes, Ginny Weasley will be dead, and I will cease to be a memory.
TOM RIDDLE;Lord Voldemort will return .very much alive.
HARRY;Ginny?
TOM RIDDLE;Remarkable, isn't it? how quickly the venom of the basilisk penetrates the body?
TOM RIDDLE;I'd guess you have little more than a minute to live.
TOM RIDDLE;You'll be with your dear Mudblood mother soon, Harry.
TOM RIDDLE;Funny, the damage a silly little book can do especially in the hands of a silly little girl.
TOM RIDDLE;What are you doing?
TOM RIDDLE;Stop. No!
HARRY;Ginny?
GINNY;Harry, It was me.
GINNY;But I swear, I didn't mean to.
GINNY;Riddle made me, and...
GINNY;Harry, you're hurt.
HARRY;Don't worry.
HARRY;Ginny, you need to get yourself out.
HARRY;Follow the Chamber and you'll find Ron.
HARRY;You were brilliant, Fawkes.
HARRY;I just wasn't quick enough.
HARRY;Of course.
HARRY;Phoenix tears have healing powers.
HARRY;Thanks.
HARRY;It's all right, Ginny.
HARRY;It's over.
HARRY;It's just a memory.
GILDEROY LOCKHART;Amazing!
GILDEROY LOCKHART;This is just like magic!
DUMBLEDORE;You both realize, of course that in the past few hours, you have broken perhaps a dozen school rules.
HARRY AND RON;Yes, sir.
DUMBLEDORE;There is sufficient evidence to have you both expelled.
HARRY AND RON;Yes, sir.
DUMBLEDORE;Therefore, it is only fitting that you both receive Special Awards for Services to the School.
RON;Thanks, sir.
DUMBLEDORE;Now, Mr. Weasley, if you would have an owl deliver these release papers to Azkaban.
DUMBLEDORE;I believe we want our gamekeeper back.
DUMBLEDORE;Harry, First, I want to thank you, Harry.
DUMBLEDORE;You must have shown me real loyalty down in the Chamber.
DUMBLEDORE;Nothing but that could have called Fawkes to you.
DUMBLEDORE;And second I sense that something is troubling you.
DUMBLEDORE;Am I right, Harry?
HARRY;It's just...
HARRY;You see, sir, I couldn't help but notice certain things, certain...
HARRY;Certain similarities between Tom Riddle and me.
DUMBLEDORE;I see.
DUMBLEDORE;Well, you can speak Parseltongue, Harry. Why?
DUMBLEDORE;Because Lord Voldemort can speak Parseltongue.
DUMBLEDORE;If I'm not mistaken, Harry he transferred some of his powers to you the night he gave you that scar.
HARRY;Voldemort transferred some of his powers to me?
DUMBLEDORE;Not intentionally but yes.
HARRY;So the Sorting Hat was right.
HARRY;I should be in Slytherin.
DUMBLEDORE;It's true. You possess many of the qualities that Voldemort himself prizes.
DUMBLEDORE;Determination, resourcefulness and if I may say so, a certain disregard for the rules.
DUMBLEDORE;Why, then, did the Sorting Hat place you in Gryffindor?
HARRY;Because I asked it to.
DUMBLEDORE;Exactly, Harry. Exactly.
DUMBLEDORE;Which makes you different from Voldemort.
DUMBLEDORE;It is not our abilities that show what we truly are.
DUMBLEDORE;It is our choices.
DUMBLEDORE;If you want proof why you belong in Gryffindor then I suggest you look more closely at this.
DUMBLEDORE;Be careful.
HARRY;Godric Gryffindor.
DUMBLEDORE;It would take a true Gryffindor to pull that out of the hat.
HARRY;Dobby.
HARRY;So this is your master.
HARRY;The family you serve is the Malfoys.
LUCIUS MALFOY;I'll deal with you later.
LUCIUS MALFOY;Out of my way, Potter.
LUCIUS MALFOY;So it's true. You have returned.
DUMBLEDORE;When the governors learned that Arthur Weasley's daughter was taken into the Chamber, they saw fit to summon me back.
LUCIUS MALFOY;Ridiculous.
DUMBLEDORE;Curiously, Lucius, several of them were under the impression that you would curse their family if they did not agree to suspend me in the first place.
LUCIUS MALFOY;How dare you!
DUMBLEDORE;Beg your pardon?
LUCIUS MALFOY;My sole concern has always been and will always be the welfare of this school and, of course, its students.
LUCIUS MALFOY;The culprit has been identified, I presume?
DUMBLEDORE;Yes.
LUCIUS MALFOY;And?
LUCIUS MALFOY;Who was it?
DUMBLEDORE;Voldemort.
DUMBLEDORE;Only this time he chose to act through somebody else by means of this.
LUCIUS MALFOY;I see.
DUMBLEDORE;Fortunately, our young Mr. Potter discovered it.
DUMBLEDORE;One hopes that no more of Lord Voldemort's old school-things should find their way into innocent hands.
DUMBLEDORE;The consequences for the one responsible would be severe.
LUCIUS MALFOY;Well, let us hope that Mr. Potter will always be around to save the day.
HARRY;Don't worry. I will be.
LUCIUS MALFOY;Dumbledore.
LUCIUS MALFOY;Come, Dobby. We're leaving.
HARRY;Sir? I wonder if I could have that?
HARRY;Mr. Malfoy.
HARRY;Mr. Malfoy!
HARRY;I have something of yours.
LUCIUS MALFOY;Mine? I don't know what you're talking about.
HARRY;I think you do, sir.
HARRY;I think you slipped the diary into Ginny Weasley's cauldron that day at Diagon Alley.
LUCIUS MALFOY;You do, do you?
LUCIUS MALFOY;Why don't you prove it?
LUCIUS MALFOY;Come, Dobby.
HARRY;Open it.
LUCIUS MALFOY;Dobby.
DOBBY;Master has given Dobby a sock.
LUCIUS MALFOY;What? I didn't give...
DOBBY;Master has presented Dobby with clothes.
DOBBY;Dobby is free.
LUCIUS MALFOY;You lost me my servant!
DOBBY;You shall not harm Harry Potter.
LUCIUS MALFOY;Your parents were meddlesome fools too.
LUCIUS MALFOY;Mark my words, Potter.
LUCIUS MALFOY;One day soon you are going to meet the same sticky end.
DOBBY;Harry Potter freed Dobby.
DOBBY;How can Dobby ever repay him?
HARRY;Just promise me something.
DOBBY;Anything, sir.
HARRY;Never try to save my life again.
STUDENT;Welcome back, Sir Nicholas.
SIR NICHOLAS;Thank you.
STUDENT;Good evening, Sir Nicholas.
SIR NICHOLAS;Good evening.
STUDENT;Good to see you, Sir Nicholas.
SIR NICHOLAS;Thank you.
SIR NICHOLAS;Hello.
SIR NICHOLAS;Hermione! Welcome back.
HERMIONE;Thanks, Sir Nicholas.
NEVILLE;Harry. It's Hermione.
RON;Welcome back, Hermione.
HERMIONE;It's good to be back.
HERMIONE;Congratulations.
HERMIONE;I can't believe you solved it.
HARRY;We had loads of help from you.
HARRY;We couldn't have done it without you.
HERMIONE;Thanks.
MCGONAGALL;Could I have your attention, please?
DUMBLEDORE;Before we begin the feast let us have a round of applause for Professor Sprout, Madam Pomfrey whose Mandrake juice has been so successfully administered to all who had been Petrified.
DUMBLEDORE;Also, in light of the recent events as a school treat all exams have been canceled.
HERMIONE;Oh, no.
HAGRID;Sorry I'm late.
HAGRID;The owl that delivered my release papers got all lost and confused.
HAGRID;Some ruddy bird called Errol.
HAGRID;And I'd just like to say that if it hadn't been for you, Harry and Ron and Hermione, of course I would still be you-know-where so I'd just like to say thanks.
HARRY;There's no Hogwarts without you, Hagrid.
